checkpoint,profile,concurrency,metric,value,unit,state,source_record
abliterated_nvfp4,hybrid_8g,1,aggregate_output_throughput_mean,28.950856,tokens_per_second,hot,hybrid-8g-c1c2c4c6/short.json
abliterated_nvfp4,hybrid_8g,2,aggregate_output_throughput_mean,41.579834,tokens_per_second,hot,hybrid-8g-c1c2c4c6/short.json
abliterated_nvfp4,hybrid_8g,4,aggregate_output_throughput_mean,51.215384,tokens_per_second,hot,hybrid-8g-c1c2c4c6/short.json
abliterated_nvfp4,hybrid_8g,6,aggregate_output_throughput_mean,61.736617,tokens_per_second,hot,hybrid-8g-c1c2c4c6/short.json
abliterated_nvfp4,eager_8g,1,aggregate_output_throughput_mean,26.577272,tokens_per_second,hot,eager-8g-c1c2c4c6/short.json
abliterated_nvfp4,eager_8g,2,aggregate_output_throughput_mean,38.216011,tokens_per_second,hot,eager-8g-c1c2c4c6/short.json
abliterated_nvfp4,eager_8g,4,aggregate_output_throughput_mean,46.008934,tokens_per_second,hot,eager-8g-c1c2c4c6/short.json
abliterated_nvfp4,eager_8g,6,aggregate_output_throughput_mean,56.228350,tokens_per_second,hot,eager-8g-c1c2c4c6/short.json
abliterated_nvfp4,target_b12x_w4a16_draft_marlin,6,aggregate_output_throughput_mean,80.27,tokens_per_second,hot,target-nvfp4-w4a16/c6-warm-short.json
abliterated_nvfp4,target_b12x_w4a16_draft_b12x,6,aggregate_output_throughput_mean,69.43,tokens_per_second,hot,target-nvfp4-w4a16-b12x-draft/c6-hot2-short.json
abliterated_nvfp4,target_cutlass_w4a4_draft_b12x,6,aggregate_output_throughput_mean,68.40,tokens_per_second,hot,target-nvfp4-cutlass-b12x-draft/c6-warm-short.json
official_fp8_mxfp4,current_vllm_0271,6,aggregate_output_throughput_mean,97.20,tokens_per_second,hot,fp8-anemll-aligned/c6-thinking-low-prewarm-hot-short.json
official_fp8_mxfp4,anemll_reference,6,aggregate_output_throughput_mean,108.18,tokens_per_second,recorded_reference,anemll-short-256x256.json
official_fp8_mxfp4,current_vllm_0271,6,output_tokens_per_target_iteration,2.706,tokens_per_iteration,hot,fp8-anemll-aligned/c6-thinking-low-prewarm-hot-short.json
official_fp8_mxfp4,anemll_reference,6,output_tokens_per_target_iteration,2.873,tokens_per_iteration,recorded_reference,anemll-short-256x256.json
official_fp8_mxfp4,current_vllm_0271,6,estimated_target_iteration_time,167.0,milliseconds,hot,fp8-anemll-aligned/c6-thinking-low-prewarm-hot-short.json
official_fp8_mxfp4,anemll_reference,6,estimated_target_iteration_time,159.3,milliseconds,recorded_reference,anemll-short-256x256.json
