model,weight_format,runtime,topology,workload,concurrency,metric,value,unit,run_label,source_record
LibertAIDAI/GLM-5.3-Flash-NVFP4,nvfp4,vllm,tp2,pp512_tg128,1,prompt_throughput_mean,741.92,tokens_per_second,baseline,20260827T110445+0800-baseline.md
LibertAIDAI/GLM-5.3-Flash-NVFP4,nvfp4,vllm,tp2,pp512_tg128,1,generation_throughput_mean,25.75,tokens_per_second,baseline,20260827T110445+0800-baseline.md
LibertAIDAI/GLM-5.3-Flash-NVFP4,nvfp4,vllm,tp2,pp512_tg128,1,e2e_ttft_mean,694.56,milliseconds,baseline,20260827T110445+0800-baseline.md
LibertAIDAI/GLM-5.3-Flash-NVFP4,nvfp4,vllm,tp2,pp2048_tg128,1,prompt_throughput_mean,1380.07,tokens_per_second,baseline,20260827T110445+0800-baseline.md
LibertAIDAI/GLM-5.3-Flash-NVFP4,nvfp4,vllm,tp2,pp2048_tg128,1,generation_throughput_mean,24.51,tokens_per_second,baseline,20260827T110445+0800-baseline.md
LibertAIDAI/GLM-5.3-Flash-NVFP4,nvfp4,vllm,tp2,pp2048_tg128,1,e2e_ttft_mean,1487.71,milliseconds,baseline,20260827T110445+0800-baseline.md
LibertAIDAI/GLM-5.3-Flash-NVFP4,nvfp4,vllm,tp2,pp512_tg128,1,aggregate_prompt_throughput_mean,842.61,tokens_per_second,concurrency,20260827T110445+0800-concurrency.md
LibertAIDAI/GLM-5.3-Flash-NVFP4,nvfp4,vllm,tp2,pp512_tg128,1,aggregate_generation_throughput_mean,24.65,tokens_per_second,concurrency,20260827T110445+0800-concurrency.md
LibertAIDAI/GLM-5.3-Flash-NVFP4,nvfp4,vllm,tp2,pp512_tg128,1,e2e_ttft_mean,611.11,milliseconds,concurrency,20260827T110445+0800-concurrency.md
LibertAIDAI/GLM-5.3-Flash-NVFP4,nvfp4,vllm,tp2,pp512_tg128,2,aggregate_prompt_throughput_mean,586.43,tokens_per_second,concurrency,20260827T110445+0800-concurrency.md
LibertAIDAI/GLM-5.3-Flash-NVFP4,nvfp4,vllm,tp2,pp512_tg128,2,aggregate_generation_throughput_mean,36.94,tokens_per_second,concurrency,20260827T110445+0800-concurrency.md
LibertAIDAI/GLM-5.3-Flash-NVFP4,nvfp4,vllm,tp2,pp512_tg128,2,e2e_ttft_mean,3109.03,milliseconds,concurrency,20260827T110445+0800-concurrency.md
LibertAIDAI/GLM-5.3-Flash-NVFP4,nvfp4,vllm,tp2,pp512_tg128,4,aggregate_prompt_throughput_mean,1265.39,tokens_per_second,concurrency,20260827T110445+0800-concurrency.md
LibertAIDAI/GLM-5.3-Flash-NVFP4,nvfp4,vllm,tp2,pp512_tg128,4,aggregate_generation_throughput_mean,57.75,tokens_per_second,concurrency,20260827T110445+0800-concurrency.md
LibertAIDAI/GLM-5.3-Flash-NVFP4,nvfp4,vllm,tp2,pp512_tg128,4,e2e_ttft_mean,1445.62,milliseconds,concurrency,20260827T110445+0800-concurrency.md
LibertAIDAI/GLM-5.3-Flash-NVFP4,nvfp4,vllm,tp2,pp512_tg128,8,aggregate_prompt_throughput_mean,307.61,tokens_per_second,concurrency,20260827T110445+0800-concurrency.md
LibertAIDAI/GLM-5.3-Flash-NVFP4,nvfp4,vllm,tp2,pp512_tg128,8,aggregate_generation_throughput_mean,50.21,tokens_per_second,concurrency,20260827T110445+0800-concurrency.md
LibertAIDAI/GLM-5.3-Flash-NVFP4,nvfp4,vllm,tp2,pp512_tg128,8,e2e_ttft_mean,7659.85,milliseconds,concurrency,20260827T110445+0800-concurrency.md
RadixArk/Qwen3.8-Flash-Next-NVFP4,nvfp4,sglang,tp2,pp512_tg128,1,prompt_throughput_mean,1056.13,tokens_per_second,baseline,20260827T121710+0800-baseline.md
RadixArk/Qwen3.8-Flash-Next-NVFP4,nvfp4,sglang,tp2,pp512_tg128,1,generation_throughput_mean,26.58,tokens_per_second,baseline,20260827T121710+0800-baseline.md
RadixArk/Qwen3.8-Flash-Next-NVFP4,nvfp4,sglang,tp2,pp512_tg128,1,e2e_ttft_mean,491.11,milliseconds,baseline,20260827T121710+0800-baseline.md
RadixArk/Qwen3.8-Flash-Next-NVFP4,nvfp4,sglang,tp2,pp2048_tg128,1,prompt_throughput_mean,2151.06,tokens_per_second,baseline,20260827T121710+0800-baseline.md
RadixArk/Qwen3.8-Flash-Next-NVFP4,nvfp4,sglang,tp2,pp2048_tg128,1,generation_throughput_mean,24.98,tokens_per_second,baseline,20260827T121710+0800-baseline.md
RadixArk/Qwen3.8-Flash-Next-NVFP4,nvfp4,sglang,tp2,pp2048_tg128,1,e2e_ttft_mean,955.13,milliseconds,baseline,20260827T121710+0800-baseline.md
RadixArk/Qwen3.8-Flash-Next-NVFP4,nvfp4,sglang,tp2,pp512_tg128,1,aggregate_prompt_throughput_mean,1160.71,tokens_per_second,concurrency,20260827T121710+0800-concurrency.md
RadixArk/Qwen3.8-Flash-Next-NVFP4,nvfp4,sglang,tp2,pp512_tg128,1,aggregate_generation_throughput_mean,23.30,tokens_per_second,concurrency,20260827T121710+0800-concurrency.md
RadixArk/Qwen3.8-Flash-Next-NVFP4,nvfp4,sglang,tp2,pp512_tg128,1,e2e_ttft_mean,461.16,milliseconds,concurrency,20260827T121710+0800-concurrency.md
RadixArk/Qwen3.8-Flash-Next-NVFP4,nvfp4,sglang,tp2,pp512_tg128,2,aggregate_prompt_throughput_mean,1495.27,tokens_per_second,concurrency,20260827T121710+0800-concurrency.md
RadixArk/Qwen3.8-Flash-Next-NVFP4,nvfp4,sglang,tp2,pp512_tg128,2,aggregate_generation_throughput_mean,41.07,tokens_per_second,concurrency,20260827T121710+0800-concurrency.md
RadixArk/Qwen3.8-Flash-Next-NVFP4,nvfp4,sglang,tp2,pp512_tg128,2,e2e_ttft_mean,636.09,milliseconds,concurrency,20260827T121710+0800-concurrency.md
RadixArk/Qwen3.8-Flash-Next-NVFP4,nvfp4,sglang,tp2,pp512_tg128,4,aggregate_prompt_throughput_mean,1886.17,tokens_per_second,concurrency,20260827T121710+0800-concurrency.md
RadixArk/Qwen3.8-Flash-Next-NVFP4,nvfp4,sglang,tp2,pp512_tg128,4,aggregate_generation_throughput_mean,68.16,tokens_per_second,concurrency,20260827T121710+0800-concurrency.md
RadixArk/Qwen3.8-Flash-Next-NVFP4,nvfp4,sglang,tp2,pp512_tg128,4,e2e_ttft_mean,1080.38,milliseconds,concurrency,20260827T121710+0800-concurrency.md
RadixArk/Qwen3.8-Flash-Next-NVFP4,nvfp4,sglang,tp2,pp512_tg128,8,aggregate_prompt_throughput_mean,2501.99,tokens_per_second,concurrency,20260827T121710+0800-concurrency.md
RadixArk/Qwen3.8-Flash-Next-NVFP4,nvfp4,sglang,tp2,pp512_tg128,8,aggregate_generation_throughput_mean,93.66,tokens_per_second,concurrency,20260827T121710+0800-concurrency.md
RadixArk/Qwen3.8-Flash-Next-NVFP4,nvfp4,sglang,tp2,pp512_tg128,8,e2e_ttft_mean,1615.58,milliseconds,concurrency,20260827T121710+0800-concurrency.md
Qwen/Qwen3.8-Flash-Next-FP8,fp8,sglang,tp2_ep2,pp512_tg128,1,prompt_throughput_mean,898.38,tokens_per_second,baseline,20260827T124741+0800-baseline.md
Qwen/Qwen3.8-Flash-Next-FP8,fp8,sglang,tp2_ep2,pp512_tg128,1,generation_throughput_mean,25.93,tokens_per_second,baseline,20260827T124741+0800-baseline.md
Qwen/Qwen3.8-Flash-Next-FP8,fp8,sglang,tp2_ep2,pp512_tg128,1,e2e_ttft_mean,582.31,milliseconds,baseline,20260827T124741+0800-baseline.md
Qwen/Qwen3.8-Flash-Next-FP8,fp8,sglang,tp2_ep2,pp2048_tg128,1,prompt_throughput_mean,1905.23,tokens_per_second,baseline,20260827T124741+0800-baseline.md
Qwen/Qwen3.8-Flash-Next-FP8,fp8,sglang,tp2_ep2,pp2048_tg128,1,generation_throughput_mean,19.67,tokens_per_second,baseline,20260827T124741+0800-baseline.md
Qwen/Qwen3.8-Flash-Next-FP8,fp8,sglang,tp2_ep2,pp2048_tg128,1,e2e_ttft_mean,1082.69,milliseconds,baseline,20260827T124741+0800-baseline.md
Qwen/Qwen3.8-Flash-Next-FP8,fp8,sglang,tp2_ep2,pp512_tg128,1,aggregate_prompt_throughput_mean,1116.40,tokens_per_second,concurrency,20260827T124741+0800-concurrency.md
Qwen/Qwen3.8-Flash-Next-FP8,fp8,sglang,tp2_ep2,pp512_tg128,1,aggregate_generation_throughput_mean,28.07,tokens_per_second,concurrency,20260827T124741+0800-concurrency.md
Qwen/Qwen3.8-Flash-Next-FP8,fp8,sglang,tp2_ep2,pp512_tg128,1,e2e_ttft_mean,462.77,milliseconds,concurrency,20260827T124741+0800-concurrency.md
Qwen/Qwen3.8-Flash-Next-FP8,fp8,sglang,tp2_ep2,pp512_tg128,2,aggregate_prompt_throughput_mean,1170.14,tokens_per_second,concurrency,20260827T124741+0800-concurrency.md
Qwen/Qwen3.8-Flash-Next-FP8,fp8,sglang,tp2_ep2,pp512_tg128,2,aggregate_generation_throughput_mean,39.69,tokens_per_second,concurrency,20260827T124741+0800-concurrency.md
Qwen/Qwen3.8-Flash-Next-FP8,fp8,sglang,tp2_ep2,pp512_tg128,2,e2e_ttft_mean,825.97,milliseconds,concurrency,20260827T124741+0800-concurrency.md
Qwen/Qwen3.8-Flash-Next-FP8,fp8,sglang,tp2_ep2,pp512_tg128,4,aggregate_prompt_throughput_mean,1658.83,tokens_per_second,concurrency,20260827T124741+0800-concurrency.md
Qwen/Qwen3.8-Flash-Next-FP8,fp8,sglang,tp2_ep2,pp512_tg128,4,aggregate_generation_throughput_mean,52.29,tokens_per_second,concurrency,20260827T124741+0800-concurrency.md
Qwen/Qwen3.8-Flash-Next-FP8,fp8,sglang,tp2_ep2,pp512_tg128,4,e2e_ttft_mean,1217.93,milliseconds,concurrency,20260827T124741+0800-concurrency.md
Qwen/Qwen3.8-Flash-Next-FP8,fp8,sglang,tp2_ep2,pp512_tg128,8,aggregate_prompt_throughput_mean,2277.08,tokens_per_second,concurrency,20260827T124741+0800-concurrency.md
Qwen/Qwen3.8-Flash-Next-FP8,fp8,sglang,tp2_ep2,pp512_tg128,8,aggregate_generation_throughput_mean,80.64,tokens_per_second,concurrency,20260827T124741+0800-concurrency.md
Qwen/Qwen3.8-Flash-Next-FP8,fp8,sglang,tp2_ep2,pp512_tg128,8,e2e_ttft_mean,1780.48,milliseconds,concurrency,20260827T124741+0800-concurrency.md
