model,topology,workload,concurrency,metric,value,unit,run_label,source_record
nvidia/Qwen3.6-27B-NVFP4,tp1,pp512,1,prompt_throughput_mean,1285.53,tokens_per_second,baseline,llama-benchy-baseline.md
nvidia/Qwen3.6-27B-NVFP4,tp2,pp512,1,prompt_throughput_mean,2286.21,tokens_per_second,baseline,llama-benchy-baseline.md
nvidia/Qwen3.6-27B-NVFP4,tp1,pp2048,1,prompt_throughput_mean,1208.62,tokens_per_second,concurrency,llama-benchy-concurrency.md
nvidia/Qwen3.6-27B-NVFP4,tp2,pp2048,1,prompt_throughput_mean,1847.89,tokens_per_second,concurrency,llama-benchy-concurrency.md
nvidia/Qwen3.6-27B-NVFP4,tp1,pp8192,1,prompt_throughput_mean,1161.35,tokens_per_second,baseline,llama-benchy-baseline.md
nvidia/Qwen3.6-27B-NVFP4,tp2,pp8192,1,prompt_throughput_mean,1731.98,tokens_per_second,baseline,llama-benchy-baseline.md
nvidia/Qwen3.6-27B-NVFP4,tp1,tg128,1,aggregate_generation_throughput_mean,12.21,tokens_per_second,concurrency,llama-benchy-concurrency.md
nvidia/Qwen3.6-27B-NVFP4,tp2,tg128,1,aggregate_generation_throughput_mean,21.66,tokens_per_second,concurrency,llama-benchy-concurrency.md
nvidia/Qwen3.6-27B-NVFP4,tp1,tg128,2,aggregate_generation_throughput_mean,21.67,tokens_per_second,concurrency,llama-benchy-concurrency.md
nvidia/Qwen3.6-27B-NVFP4,tp2,tg128,2,aggregate_generation_throughput_mean,34.06,tokens_per_second,concurrency,llama-benchy-concurrency.md
nvidia/Qwen3.6-27B-NVFP4,tp1,tg128,4,aggregate_generation_throughput_mean,38.03,tokens_per_second,concurrency,llama-benchy-concurrency.md
nvidia/Qwen3.6-27B-NVFP4,tp2,tg128,4,aggregate_generation_throughput_mean,49.05,tokens_per_second,concurrency,llama-benchy-concurrency.md
nvidia/Qwen3.6-27B-NVFP4,tp1,tg128,8,aggregate_generation_throughput_mean,50.76,tokens_per_second,concurrency,llama-benchy-concurrency.md
nvidia/Qwen3.6-27B-NVFP4,tp2,tg128,8,aggregate_generation_throughput_mean,64.57,tokens_per_second,concurrency,llama-benchy-concurrency.md
nvidia/Qwen3.6-35B-A3B-NVFP4,tp2,pp8192,1,prompt_throughput_mean,8500.83,tokens_per_second,first,llama-benchy-baseline.md
nvidia/Qwen3.6-35B-A3B-NVFP4,tp2,pp8192,1,prompt_throughput_mean,8722.82,tokens_per_second,b12x_filename,llama-benchy-b12x-baseline.md
nvidia/Qwen3.6-35B-A3B-NVFP4,tp2,tg128,1,aggregate_generation_throughput_mean,97.97,tokens_per_second,first,llama-benchy-concurrency.md
nvidia/Qwen3.6-35B-A3B-NVFP4,tp2,tg128,2,aggregate_generation_throughput_mean,134.27,tokens_per_second,first,llama-benchy-concurrency.md
nvidia/Qwen3.6-35B-A3B-NVFP4,tp2,tg128,4,aggregate_generation_throughput_mean,189.97,tokens_per_second,first,llama-benchy-concurrency.md
nvidia/Qwen3.6-35B-A3B-NVFP4,tp2,tg128,8,aggregate_generation_throughput_mean,243.73,tokens_per_second,first,llama-benchy-concurrency.md
nvidia/Qwen3.6-35B-A3B-NVFP4,tp2,tg128,1,aggregate_generation_throughput_mean,98.18,tokens_per_second,b12x_filename,llama-benchy-b12x-concurrency.md
nvidia/Qwen3.6-35B-A3B-NVFP4,tp2,tg128,2,aggregate_generation_throughput_mean,136.86,tokens_per_second,b12x_filename,llama-benchy-b12x-concurrency.md
nvidia/Qwen3.6-35B-A3B-NVFP4,tp2,tg128,4,aggregate_generation_throughput_mean,181.39,tokens_per_second,b12x_filename,llama-benchy-b12x-concurrency.md
nvidia/Qwen3.6-35B-A3B-NVFP4,tp2,tg128,8,aggregate_generation_throughput_mean,228.63,tokens_per_second,b12x_filename,llama-benchy-b12x-concurrency.md
